{"cameraMode":{"drawMode":0,"name":"Shaded","section":"Shading Mode"},"sceneLighting":true,"audioPlay":false,"sceneViewState":{"m_AlwaysRefresh":false,"showFog":true,"showSkybox":true,"showFlares":true,"showImageEffects":true,"showParticleSystems":true,"showVisualEffectGraphs":true,"m_FxEnabled":true},"in2DMode":false,"pivot":{"x":-38.255943298339847,"y":3.3557634353637697,"z":-26.194175720214845},"rotation":{"x":0.0004040642234031111,"y":0.9959501028060913,"z":0.0044813500717282299,"w":-0.0898963138461113},"size":0.803274393081665,"orthographic":false}