{"cameraMode":{"drawMode":0,"name":"Shaded","section":"Shading Mode"},"sceneLighting":true,"audioPlay":false,"sceneViewState":{"m_AlwaysRefresh":false,"showFog":true,"showSkybox":false,"showFlares":true,"showImageEffects":true,"showParticleSystems":true,"showVisualEffectGraphs":true,"m_FxEnabled":true},"in2DMode":false,"pivot":{"x":0.3953102231025696,"y":-0.22301557660102845,"z":1.3984813690185547},"rotation":{"x":-0.07589108496904373,"y":-0.2940145432949066,"z":0.023398755118250848,"w":-0.9525206089019775},"size":0.8660253882408142,"orthographic":false}